timestamp,x,y,z
1.752047840128680944e+09,4.115597903728485107e-02,7.859602570533752441e-02,2.864170819520950317e-02
1.752047840228912354e+09,4.115597903728485107e-02,7.859602570533752441e-02,2.864170819520950317e-02
1.752047840433705091e+09,4.115597903728485107e-02,7.859602570533752441e-02,2.864170819520950317e-02
1.752047840628278732e+09,4.115597903728485107e-02,7.859602570533752441e-02,2.864170819520950317e-02
1.752047840833645821e+09,4.115597903728485107e-02,7.859602570533752441e-02,2.864170819520950317e-02
1.752047841028416634e+09,4.115597903728485107e-02,7.859602570533752441e-02,2.864170819520950317e-02
1.752047841231959581e+09,4.115597903728485107e-02,7.859602570533752441e-02,2.864170819520950317e-02
1.752047841432394743e+09,4.115597903728485107e-02,7.859602570533752441e-02,2.864170819520950317e-02
1.752047841623210192e+09,4.115597903728485107e-02,7.859602570533752441e-02,2.864170819520950317e-02
1.752047841841942310e+09,4.115597903728485107e-02,7.859602570533752441e-02,2.864170819520950317e-02
1.752047842027509451e+09,4.115597903728485107e-02,7.859602570533752441e-02,2.864170819520950317e-02
1.752047842233426571e+09,4.115597903728485107e-02,7.859602570533752441e-02,2.864170819520950317e-02
1.752047842428533316e+09,4.115597903728485107e-02,7.859602570533752441e-02,2.864170819520950317e-02
1.752047842654037237e+09,4.115597903728485107e-02,7.859602570533752441e-02,2.864170819520950317e-02
1.752047842828365326e+09,4.115597903728485107e-02,7.859602570533752441e-02,2.864170819520950317e-02
1.752047843075614214e+09,4.115597903728485107e-02,7.859602570533752441e-02,2.864170819520950317e-02
1.752047843222189188e+09,4.115597903728485107e-02,7.859602570533752441e-02,2.864170819520950317e-02
1.752047843438082695e+09,4.115597903728485107e-02,7.859602570533752441e-02,2.864170819520950317e-02
1.752047843625608206e+09,4.115597903728485107e-02,7.859602570533752441e-02,2.864170819520950317e-02
1.752047843831544399e+09,4.115597903728485107e-02,7.859602570533752441e-02,2.864170819520950317e-02
1.752047844039764404e+09,4.115597903728485107e-02,7.859602570533752441e-02,2.864170819520950317e-02
1.752047844222499371e+09,4.115597903728485107e-02,7.859602570533752441e-02,2.864170819520950317e-02
1.752047844429953098e+09,4.115597903728485107e-02,7.859602570533752441e-02,2.864170819520950317e-02
1.752047844630295992e+09,4.115597903728485107e-02,7.859602570533752441e-02,2.864170819520950317e-02
1.752047844857471943e+09,4.115597903728485107e-02,7.859602570533752441e-02,2.864170819520950317e-02
1.752047845029204607e+09,4.115597903728485107e-02,7.859602570533752441e-02,2.864170819520950317e-02
1.752047845225860119e+09,4.115597903728485107e-02,7.859602570533752441e-02,2.864170819520950317e-02
1.752047845487917900e+09,4.115597903728485107e-02,7.859602570533752441e-02,2.864170819520950317e-02
1.752047845632106543e+09,4.115597903728485107e-02,7.859602570533752441e-02,2.864170819520950317e-02
1.752047845839631557e+09,4.115597903728485107e-02,7.859602570533752441e-02,2.864170819520950317e-02
1.752047846028303146e+09,4.115597903728485107e-02,7.859602570533752441e-02,2.864170819520950317e-02
1.752047846234879494e+09,4.115597903728485107e-02,7.859602570533752441e-02,2.864170819520950317e-02
1.752047846428558826e+09,4.115597903728485107e-02,7.859602570533752441e-02,2.864170819520950317e-02
1.752047846624536753e+09,4.115597903728485107e-02,7.859602570533752441e-02,2.864170819520950317e-02
1.752047846824811220e+09,4.115597903728485107e-02,7.859602570533752441e-02,2.864170819520950317e-02
1.752047847022934437e+09,4.115597903728485107e-02,7.859602570533752441e-02,2.864170819520950317e-02
1.752047847224237442e+09,4.115597903728485107e-02,7.859602570533752441e-02,2.864170819520950317e-02
1.752047847432917833e+09,4.115597903728485107e-02,7.859602570533752441e-02,2.864170819520950317e-02
1.752047847625666857e+09,4.115597903728485107e-02,7.859602570533752441e-02,2.864170819520950317e-02
1.752047847831214666e+09,4.115597903728485107e-02,7.859602570533752441e-02,2.864170819520950317e-02
1.752047848028936863e+09,4.115597903728485107e-02,7.859602570533752441e-02,2.864170819520950317e-02
1.752047848237931967e+09,4.115597903728485107e-02,7.859602570533752441e-02,2.864170819520950317e-02
1.752047848429645777e+09,4.115597903728485107e-02,7.859602570533752441e-02,2.864170819520950317e-02
1.752047848621193409e+09,4.115597903728485107e-02,7.859602570533752441e-02,2.864170819520950317e-02
1.752047848825574398e+09,4.115597903728485107e-02,7.859602570533752441e-02,2.864170819520950317e-02
1.752047849031913996e+09,4.115597903728485107e-02,7.859602570533752441e-02,2.864170819520950317e-02
1.752047849237369061e+09,4.115597903728485107e-02,7.859602570533752441e-02,2.864170819520950317e-02
1.752047849426344633e+09,4.115597903728485107e-02,7.859602570533752441e-02,2.864170819520950317e-02
1.752047849620218754e+09,4.115597903728485107e-02,7.859602570533752441e-02,2.864170819520950317e-02
1.752047849835624218e+09,4.115597903728485107e-02,7.859602570533752441e-02,2.864170819520950317e-02
1.752047850024365664e+09,4.115597903728485107e-02,7.859602570533752441e-02,2.864170819520950317e-02
1.752047850238379955e+09,4.115597903728485107e-02,7.859602570533752441e-02,2.864170819520950317e-02
1.752047850421461821e+09,4.115597903728485107e-02,7.859602570533752441e-02,2.864170819520950317e-02
1.752047850621920824e+09,4.115597903728485107e-02,7.859602570533752441e-02,2.864170819520950317e-02
1.752047850820781708e+09,4.115597903728485107e-02,7.859602570533752441e-02,2.864170819520950317e-02
1.752047851039167643e+09,4.115597903728485107e-02,7.859602570533752441e-02,2.864170819520950317e-02
1.752047851224906921e+09,4.115597903728485107e-02,7.859602570533752441e-02,2.864170819520950317e-02
1.752047851418284416e+09,4.115597903728485107e-02,7.859602570533752441e-02,2.864170819520950317e-02
1.752047851626853943e+09,4.115597903728485107e-02,7.859602570533752441e-02,2.864170819520950317e-02
1.752047851825429678e+09,4.115597903728485107e-02,7.859602570533752441e-02,2.864170819520950317e-02
1.752047852032220125e+09,4.115597903728485107e-02,7.859602570533752441e-02,2.864170819520950317e-02
1.752047852235791922e+09,4.115597903728485107e-02,7.859602570533752441e-02,2.864170819520950317e-02
1.752047852421012163e+09,4.115597903728485107e-02,7.859602570533752441e-02,2.864170819520950317e-02
1.752047852620300293e+09,4.115597903728485107e-02,7.859602570533752441e-02,2.864170819520950317e-02
1.752047852838564396e+09,4.115597903728485107e-02,7.859602570533752441e-02,2.864170819520950317e-02
1.752047853031215191e+09,4.115597903728485107e-02,7.859602570533752441e-02,2.864170819520950317e-02
1.752047853222838163e+09,4.115597903728485107e-02,7.859602570533752441e-02,2.864170819520950317e-02
1.752047853456115723e+09,4.115597903728485107e-02,7.859602570533752441e-02,2.864170819520950317e-02
1.752047853626117229e+09,4.115597903728485107e-02,7.859602570533752441e-02,2.864170819520950317e-02
1.752047853820894003e+09,4.115597903728485107e-02,7.859602570533752441e-02,2.864170819520950317e-02
1.752047854023221016e+09,4.115597903728485107e-02,7.859602570533752441e-02,2.864170819520950317e-02
1.752047854230081558e+09,4.115597903728485107e-02,7.859602570533752441e-02,2.864170819520950317e-02
1.752047854428968906e+09,4.115597903728485107e-02,7.859602570533752441e-02,2.864170819520950317e-02
1.752047854675160170e+09,4.115597903728485107e-02,7.859602570533752441e-02,2.864170819520950317e-02
1.752047854830154657e+09,4.115597903728485107e-02,7.859602570533752441e-02,2.864170819520950317e-02
1.752047855038892269e+09,4.115597903728485107e-02,7.859602570533752441e-02,2.864170819520950317e-02
1.752047855223672867e+09,4.115597903728485107e-02,7.859602570533752441e-02,2.864170819520950317e-02
1.752047855424021244e+09,4.115597903728485107e-02,7.859602570533752441e-02,2.864170819520950317e-02
1.752047855627161264e+09,4.115597903728485107e-02,7.859602570533752441e-02,2.864170819520950317e-02
1.752047855832739592e+09,1.170295119285583496e+00,2.629306912422180176e-01,4.212912917137145996e-02
1.752047856027203083e+09,1.170295119285583496e+00,2.629306912422180176e-01,4.212912917137145996e-02
1.752047856229230404e+09,1.170295119285583496e+00,2.629306912422180176e-01,4.212912917137145996e-02
1.752047856428959131e+09,1.170295119285583496e+00,2.629306912422180176e-01,4.212912917137145996e-02
1.752047856626084328e+09,1.170295119285583496e+00,2.629306912422180176e-01,4.212912917137145996e-02
1.752047856826701164e+09,1.170295119285583496e+00,2.629306912422180176e-01,4.212912917137145996e-02
1.752047857025254726e+09,1.170295119285583496e+00,2.629306912422180176e-01,4.212912917137145996e-02
1.752047857226291895e+09,1.170295119285583496e+00,2.629306912422180176e-01,4.212912917137145996e-02
1.752047857425970793e+09,2.260621309280395508e+00,3.016090095043182373e-01,-3.013072535395622253e-02
1.752047857627964258e+09,2.260621309280395508e+00,3.016090095043182373e-01,-3.013072535395622253e-02
1.752047857828281641e+09,2.260621309280395508e+00,3.016090095043182373e-01,-3.013072535395622253e-02
1.752047858037993670e+09,2.260621309280395508e+00,3.016090095043182373e-01,-3.013072535395622253e-02
1.752047858233694553e+09,2.260621309280395508e+00,3.016090095043182373e-01,-3.013072535395622253e-02
1.752047858425192595e+09,2.260621309280395508e+00,3.016090095043182373e-01,-3.013072535395622253e-02
1.752047858629222631e+09,2.260621309280395508e+00,3.016090095043182373e-01,-3.013072535395622253e-02
1.752047858821921587e+09,2.260621309280395508e+00,3.016090095043182373e-01,-3.013072535395622253e-02
1.752047859029573441e+09,3.385112285614013672e+00,2.025508433580398560e-01,-1.565852947533130646e-02
1.752047859228748798e+09,3.385112285614013672e+00,2.025508433580398560e-01,-1.565852947533130646e-02
1.752047859430033207e+09,3.385112285614013672e+00,2.025508433580398560e-01,-1.565852947533130646e-02
1.752047859616754293e+09,3.385112285614013672e+00,2.025508433580398560e-01,-1.565852947533130646e-02
1.752047859822123289e+09,3.385112285614013672e+00,2.025508433580398560e-01,-1.565852947533130646e-02
1.752047860024307728e+09,3.385112285614013672e+00,2.025508433580398560e-01,-1.565852947533130646e-02
1.752047860238142014e+09,3.385112285614013672e+00,2.025508433580398560e-01,-1.565852947533130646e-02
1.752047860425348997e+09,3.385112285614013672e+00,2.025508433580398560e-01,-1.565852947533130646e-02
1.752047860619937897e+09,4.390882968902587891e+00,5.144489929080009460e-03,-5.207810178399085999e-02
1.752047860820968390e+09,4.390882968902587891e+00,5.144489929080009460e-03,-5.207810178399085999e-02
1.752047861018794537e+09,4.390882968902587891e+00,5.144489929080009460e-03,-5.207810178399085999e-02
1.752047861225881338e+09,4.390882968902587891e+00,5.144489929080009460e-03,-5.207810178399085999e-02
1.752047861431202412e+09,4.390882968902587891e+00,5.144489929080009460e-03,-5.207810178399085999e-02
1.752047861620342970e+09,4.390882968902587891e+00,5.144489929080009460e-03,-5.207810178399085999e-02
1.752047861823829412e+09,4.390882968902587891e+00,5.144489929080009460e-03,-5.207810178399085999e-02
1.752047862060215950e+09,5.390260219573974609e+00,-2.119628041982650757e-01,-4.851775616407394409e-02
1.752047862215696096e+09,5.390260219573974609e+00,-2.119628041982650757e-01,-4.851775616407394409e-02
1.752047862419183493e+09,5.390260219573974609e+00,-2.119628041982650757e-01,-4.851775616407394409e-02
1.752047862619881868e+09,5.390260219573974609e+00,-2.119628041982650757e-01,-4.851775616407394409e-02
1.752047862822068691e+09,5.390260219573974609e+00,-2.119628041982650757e-01,-4.851775616407394409e-02
1.752047863021367550e+09,5.390260219573974609e+00,-2.119628041982650757e-01,-4.851775616407394409e-02
1.752047863225896358e+09,5.390260219573974609e+00,-2.119628041982650757e-01,-4.851775616407394409e-02
1.752047863421313047e+09,5.390260219573974609e+00,-2.119628041982650757e-01,-4.851775616407394409e-02
1.752047863624356747e+09,6.431784629821777344e+00,-4.410727322101593018e-01,-8.988190442323684692e-02
1.752047863819187641e+09,6.431784629821777344e+00,-4.410727322101593018e-01,-8.988190442323684692e-02
1.752047864019022703e+09,6.431784629821777344e+00,-4.410727322101593018e-01,-8.988190442323684692e-02
1.752047864225049734e+09,6.431784629821777344e+00,-4.410727322101593018e-01,-8.988190442323684692e-02
1.752047864416430473e+09,6.431784629821777344e+00,-4.410727322101593018e-01,-8.988190442323684692e-02
1.752047864618830204e+09,6.431784629821777344e+00,-4.410727322101593018e-01,-8.988190442323684692e-02
1.752047864820333958e+09,6.431784629821777344e+00,-4.410727322101593018e-01,-8.988190442323684692e-02
1.752047865016642094e+09,6.431784629821777344e+00,-4.410727322101593018e-01,-8.988190442323684692e-02
1.752047865211862087e+09,7.477463245391845703e+00,-6.823502779006958008e-01,-1.326698064804077148e-01
1.752047865419186592e+09,7.477463245391845703e+00,-6.823502779006958008e-01,-1.326698064804077148e-01
1.752047865620205164e+09,7.477463245391845703e+00,-6.823502779006958008e-01,-1.326698064804077148e-01
1.752047865822009802e+09,7.477463245391845703e+00,-6.823502779006958008e-01,-1.326698064804077148e-01
1.752047866016983509e+09,7.477463245391845703e+00,-6.823502779006958008e-01,-1.326698064804077148e-01
1.752047866219290257e+09,7.477463245391845703e+00,-6.823502779006958008e-01,-1.326698064804077148e-01
1.752047866417605162e+09,7.477463245391845703e+00,-6.823502779006958008e-01,-1.326698064804077148e-01
1.752047866623382807e+09,7.477463245391845703e+00,-6.823502779006958008e-01,-1.326698064804077148e-01
1.752047866817042589e+09,8.534433364868164062e+00,-8.697565197944641113e-01,-9.589407593011856079e-02
1.752047867019188166e+09,8.534433364868164062e+00,-8.697565197944641113e-01,-9.589407593011856079e-02
1.752047867225683689e+09,8.534433364868164062e+00,-8.697565197944641113e-01,-9.589407593011856079e-02
1.752047867422494173e+09,8.534433364868164062e+00,-8.697565197944641113e-01,-9.589407593011856079e-02
1.752047867622997522e+09,8.534433364868164062e+00,-8.697565197944641113e-01,-9.589407593011856079e-02
1.752047867823120832e+09,8.534433364868164062e+00,-8.697565197944641113e-01,-9.589407593011856079e-02
1.752047868011983156e+09,8.534433364868164062e+00,-8.697565197944641113e-01,-9.589407593011856079e-02
1.752047868222426414e+09,8.534433364868164062e+00,-8.697565197944641113e-01,-9.589407593011856079e-02
1.752047868427892923e+09,9.711887359619140625e+00,-9.748631715774536133e-01,-1.210471168160438538e-01
1.752047868628783703e+09,9.711887359619140625e+00,-9.748631715774536133e-01,-1.210471168160438538e-01
1.752047868822937489e+09,9.711887359619140625e+00,-9.748631715774536133e-01,-1.210471168160438538e-01
1.752047869021006823e+09,9.711887359619140625e+00,-9.748631715774536133e-01,-1.210471168160438538e-01
1.752047869225952625e+09,9.711887359619140625e+00,-9.748631715774536133e-01,-1.210471168160438538e-01
1.752047869425917864e+09,9.711887359619140625e+00,-9.748631715774536133e-01,-1.210471168160438538e-01
1.752047869622149467e+09,9.711887359619140625e+00,-9.748631715774536133e-01,-1.210471168160438538e-01
1.752047869829184771e+09,9.711887359619140625e+00,-9.748631715774536133e-01,-1.210471168160438538e-01
1.752047870021062374e+09,9.711887359619140625e+00,-9.748631715774536133e-01,-1.210471168160438538e-01
1.752047870217640162e+09,1.086402130126953125e+01,-8.607779741287231445e-01,-1.460870355367660522e-01
1.752047870427122831e+09,1.086402130126953125e+01,-8.607779741287231445e-01,-1.460870355367660522e-01
1.752047870630560637e+09,1.086402130126953125e+01,-8.607779741287231445e-01,-1.460870355367660522e-01
1.752047870824501753e+09,1.086402130126953125e+01,-8.607779741287231445e-01,-1.460870355367660522e-01
1.752047871023062229e+09,1.086402130126953125e+01,-8.607779741287231445e-01,-1.460870355367660522e-01
1.752047871224216461e+09,1.086402130126953125e+01,-8.607779741287231445e-01,-1.460870355367660522e-01
1.752047871424475193e+09,1.086402130126953125e+01,-8.607779741287231445e-01,-1.460870355367660522e-01
1.752047871626651764e+09,1.086402130126953125e+01,-8.607779741287231445e-01,-1.460870355367660522e-01
1.752047871822593212e+09,1.196079444885253906e+01,-9.351362586021423340e-01,-1.205337420105934143e-01
1.752047872026733875e+09,1.196079444885253906e+01,-9.351362586021423340e-01,-1.205337420105934143e-01
1.752047872226858616e+09,1.196079444885253906e+01,-9.351362586021423340e-01,-1.205337420105934143e-01
1.752047872424282789e+09,1.196079444885253906e+01,-9.351362586021423340e-01,-1.205337420105934143e-01
1.752047872630063057e+09,1.196079444885253906e+01,-9.351362586021423340e-01,-1.205337420105934143e-01
1.752047872831925869e+09,1.196079444885253906e+01,-9.351362586021423340e-01,-1.205337420105934143e-01
1.752047873027413607e+09,1.196079444885253906e+01,-9.351362586021423340e-01,-1.205337420105934143e-01
1.752047873225596428e+09,1.196079444885253906e+01,-9.351362586021423340e-01,-1.205337420105934143e-01
1.752047873426832914e+09,1.304678344726562500e+01,-1.028838753700256348e+00,-8.127550035715103149e-02
1.752047873631379128e+09,1.304678344726562500e+01,-1.028838753700256348e+00,-8.127550035715103149e-02
1.752047873830365419e+09,1.304678344726562500e+01,-1.028838753700256348e+00,-8.127550035715103149e-02
1.752047874021122932e+09,1.304678344726562500e+01,-1.028838753700256348e+00,-8.127550035715103149e-02
1.752047874218995333e+09,1.304678344726562500e+01,-1.028838753700256348e+00,-8.127550035715103149e-02
1.752047874421607971e+09,1.304678344726562500e+01,-1.028838753700256348e+00,-8.127550035715103149e-02
1.752047874623378992e+09,1.304678344726562500e+01,-1.028838753700256348e+00,-8.127550035715103149e-02
1.752047874819018841e+09,1.304678344726562500e+01,-1.028838753700256348e+00,-8.127550035715103149e-02
1.752047875021316767e+09,1.414844417572021484e+01,-1.152036428451538086e+00,-1.554810702800750732e-01
1.752047875220357895e+09,1.414844417572021484e+01,-1.152036428451538086e+00,-1.554810702800750732e-01
1.752047875427317381e+09,1.414844417572021484e+01,-1.152036428451538086e+00,-1.554810702800750732e-01
1.752047875625400543e+09,1.414844417572021484e+01,-1.152036428451538086e+00,-1.554810702800750732e-01
1.752047875823313236e+09,1.414844417572021484e+01,-1.152036428451538086e+00,-1.554810702800750732e-01
1.752047876018596172e+09,1.414844417572021484e+01,-1.152036428451538086e+00,-1.554810702800750732e-01
1.752047876226635933e+09,1.414844417572021484e+01,-1.152036428451538086e+00,-1.554810702800750732e-01
1.752047876425491571e+09,1.414844417572021484e+01,-1.152036428451538086e+00,-1.554810702800750732e-01
1.752047876630285978e+09,1.523299598693847656e+01,-1.289991378784179688e+00,-1.682672798633575439e-01
1.752047876870568037e+09,1.523299598693847656e+01,-1.289991378784179688e+00,-1.682672798633575439e-01
1.752047877015918255e+09,1.523299598693847656e+01,-1.289991378784179688e+00,-1.682672798633575439e-01
1.752047877229115725e+09,1.523299598693847656e+01,-1.289991378784179688e+00,-1.682672798633575439e-01
1.752047877417993307e+09,1.523299598693847656e+01,-1.289991378784179688e+00,-1.682672798633575439e-01
1.752047877612112045e+09,1.523299598693847656e+01,-1.289991378784179688e+00,-1.682672798633575439e-01
1.752047877814423800e+09,1.523299598693847656e+01,-1.289991378784179688e+00,-1.682672798633575439e-01
1.752047878020439386e+09,1.523299598693847656e+01,-1.289991378784179688e+00,-1.682672798633575439e-01
1.752047878221261263e+09,1.624498558044433594e+01,-1.471241116523742676e+00,-1.224517673254013062e-01
1.752047878413891554e+09,1.624498558044433594e+01,-1.471241116523742676e+00,-1.224517673254013062e-01
1.752047878625959635e+09,1.624498558044433594e+01,-1.471241116523742676e+00,-1.224517673254013062e-01
1.752047878819693089e+09,1.624498558044433594e+01,-1.471241116523742676e+00,-1.224517673254013062e-01
1.752047879014158487e+09,1.624498558044433594e+01,-1.471241116523742676e+00,-1.224517673254013062e-01
1.752047879216479540e+09,1.624498558044433594e+01,-1.471241116523742676e+00,-1.224517673254013062e-01
1.752047879415007353e+09,1.624498558044433594e+01,-1.471241116523742676e+00,-1.224517673254013062e-01
1.752047879607758760e+09,1.624498558044433594e+01,-1.471241116523742676e+00,-1.224517673254013062e-01
1.752047879814541340e+09,1.731677055358886719e+01,-1.651768803596496582e+00,-1.224838644266128540e-01
1.752047880010809898e+09,1.731677055358886719e+01,-1.651768803596496582e+00,-1.224838644266128540e-01
1.752047880208971024e+09,1.731677055358886719e+01,-1.651768803596496582e+00,-1.224838644266128540e-01
1.752047880411515474e+09,1.731677055358886719e+01,-1.651768803596496582e+00,-1.224838644266128540e-01
1.752047880613645077e+09,1.731677055358886719e+01,-1.651768803596496582e+00,-1.224838644266128540e-01
1.752047880810290575e+09,1.731677055358886719e+01,-1.651768803596496582e+00,-1.224838644266128540e-01
1.752047881018053770e+09,1.731677055358886719e+01,-1.651768803596496582e+00,-1.224838644266128540e-01
1.752047881213096619e+09,1.731677055358886719e+01,-1.651768803596496582e+00,-1.224838644266128540e-01
1.752047881422273874e+09,1.840960884094238281e+01,-1.776164650917053223e+00,-1.071263626217842102e-01
1.752047881614744186e+09,1.840960884094238281e+01,-1.776164650917053223e+00,-1.071263626217842102e-01
1.752047881813560963e+09,1.840960884094238281e+01,-1.776164650917053223e+00,-1.071263626217842102e-01
1.752047882017656326e+09,1.840960884094238281e+01,-1.776164650917053223e+00,-1.071263626217842102e-01
1.752047882235321522e+09,1.840960884094238281e+01,-1.776164650917053223e+00,-1.071263626217842102e-01
1.752047882420010090e+09,1.840960884094238281e+01,-1.776164650917053223e+00,-1.071263626217842102e-01
1.752047882617479801e+09,1.840960884094238281e+01,-1.776164650917053223e+00,-1.071263626217842102e-01
1.752047882822710514e+09,1.942601394653320312e+01,-1.786565542221069336e+00,-1.321031451225280762e-01
1.752047883019212246e+09,1.942601394653320312e+01,-1.786565542221069336e+00,-1.321031451225280762e-01
1.752047883221062899e+09,1.942601394653320312e+01,-1.786565542221069336e+00,-1.321031451225280762e-01
1.752047883413800955e+09,1.942601394653320312e+01,-1.786565542221069336e+00,-1.321031451225280762e-01
1.752047883611075640e+09,1.942601394653320312e+01,-1.786565542221069336e+00,-1.321031451225280762e-01
1.752047883813311577e+09,1.942601394653320312e+01,-1.786565542221069336e+00,-1.321031451225280762e-01
1.752047884009914637e+09,1.942601394653320312e+01,-1.786565542221069336e+00,-1.321031451225280762e-01
1.752047884210884809e+09,1.942601394653320312e+01,-1.786565542221069336e+00,-1.321031451225280762e-01
1.752047884423385382e+09,2.049794006347656250e+01,-1.514403700828552246e+00,-2.699462175369262695e-01
1.752047884610974312e+09,2.049794006347656250e+01,-1.514403700828552246e+00,-2.699462175369262695e-01
1.752047884810792446e+09,2.049794006347656250e+01,-1.514403700828552246e+00,-2.699462175369262695e-01
1.752047885009906054e+09,2.049794006347656250e+01,-1.514403700828552246e+00,-2.699462175369262695e-01
1.752047885211219788e+09,2.049794006347656250e+01,-1.514403700828552246e+00,-2.699462175369262695e-01
1.752047885423897266e+09,2.049794006347656250e+01,-1.514403700828552246e+00,-2.699462175369262695e-01
1.752047885621316910e+09,2.049794006347656250e+01,-1.514403700828552246e+00,-2.699462175369262695e-01
1.752047885811676502e+09,2.049794006347656250e+01,-1.514403700828552246e+00,-2.699462175369262695e-01
1.752047886009233475e+09,2.155655860900878906e+01,-1.217617034912109375e+00,-2.968344390392303467e-01
1.752047886211255312e+09,2.155655860900878906e+01,-1.217617034912109375e+00,-2.968344390392303467e-01
1.752047886416013002e+09,2.155655860900878906e+01,-1.217617034912109375e+00,-2.968344390392303467e-01
1.752047886616508961e+09,2.155655860900878906e+01,-1.217617034912109375e+00,-2.968344390392303467e-01
1.752047886820358276e+09,2.155655860900878906e+01,-1.217617034912109375e+00,-2.968344390392303467e-01
1.752047887013005257e+09,2.155655860900878906e+01,-1.217617034912109375e+00,-2.968344390392303467e-01
1.752047887215072155e+09,2.155655860900878906e+01,-1.217617034912109375e+00,-2.968344390392303467e-01
1.752047887411001444e+09,2.155655860900878906e+01,-1.217617034912109375e+00,-2.968344390392303467e-01
1.752047887610459566e+09,2.251519393920898438e+01,-7.276549935340881348e-01,-3.672806620597839355e-01
1.752047887811317444e+09,2.251519393920898438e+01,-7.276549935340881348e-01,-3.672806620597839355e-01
1.752047888011314869e+09,2.251519393920898438e+01,-7.276549935340881348e-01,-3.672806620597839355e-01
1.752047888217558622e+09,2.251519393920898438e+01,-7.276549935340881348e-01,-3.672806620597839355e-01
1.752047888418952465e+09,2.251519393920898438e+01,-7.276549935340881348e-01,-3.672806620597839355e-01
1.752047888622463226e+09,2.251519393920898438e+01,-7.276549935340881348e-01,-3.672806620597839355e-01
1.752047888813621521e+09,2.251519393920898438e+01,-7.276549935340881348e-01,-3.672806620597839355e-01
1.752047889028305054e+09,2.346479988098144531e+01,-3.769269585609436035e-01,-4.109390676021575928e-01
1.752047889222868443e+09,2.346479988098144531e+01,-3.769269585609436035e-01,-4.109390676021575928e-01
1.752047889415207624e+09,2.346479988098144531e+01,-3.769269585609436035e-01,-4.109390676021575928e-01
1.752047889615226746e+09,2.346479988098144531e+01,-3.769269585609436035e-01,-4.109390676021575928e-01
1.752047889814437389e+09,2.346479988098144531e+01,-3.769269585609436035e-01,-4.109390676021575928e-01
1.752047890015295029e+09,2.346479988098144531e+01,-3.769269585609436035e-01,-4.109390676021575928e-01
1.752047890217267036e+09,2.346479988098144531e+01,-3.769269585609436035e-01,-4.109390676021575928e-01
1.752047890419947386e+09,2.346479988098144531e+01,-3.769269585609436035e-01,-4.109390676021575928e-01
1.752047890612919569e+09,2.452984046936035156e+01,-1.188884451985359192e-01,-4.496912658214569092e-01
1.752047890808325529e+09,2.452984046936035156e+01,-1.188884451985359192e-01,-4.496912658214569092e-01
1.752047891018427849e+09,2.452984046936035156e+01,-1.188884451985359192e-01,-4.496912658214569092e-01
1.752047891219004393e+09,2.452984046936035156e+01,-1.188884451985359192e-01,-4.496912658214569092e-01
1.752047891417398691e+09,2.452984046936035156e+01,-1.188884451985359192e-01,-4.496912658214569092e-01
1.752047891623292685e+09,2.452984046936035156e+01,-1.188884451985359192e-01,-4.496912658214569092e-01
1.752047891861135960e+09,2.452984046936035156e+01,-1.188884451985359192e-01,-4.496912658214569092e-01
1.752047892016141653e+09,2.452984046936035156e+01,-1.188884451985359192e-01,-4.496912658214569092e-01
1.752047892228127003e+09,2.551870727539062500e+01,3.915906697511672974e-02,-5.680620074272155762e-01
1.752047892447777510e+09,2.551870727539062500e+01,3.915906697511672974e-02,-5.680620074272155762e-01
1.752047892615667343e+09,2.551870727539062500e+01,3.915906697511672974e-02,-5.680620074272155762e-01
1.752047892856552839e+09,2.551870727539062500e+01,3.915906697511672974e-02,-5.680620074272155762e-01
1.752047893010882854e+09,2.551870727539062500e+01,3.915906697511672974e-02,-5.680620074272155762e-01
1.752047893225745916e+09,2.551870727539062500e+01,3.915906697511672974e-02,-5.680620074272155762e-01
1.752047893413519382e+09,2.551870727539062500e+01,3.915906697511672974e-02,-5.680620074272155762e-01
1.752047893617067814e+09,2.551870727539062500e+01,3.915906697511672974e-02,-5.680620074272155762e-01
1.752047893823698759e+09,2.660525703430175781e+01,6.306014955043792725e-02,-5.522067546844482422e-01
1.752047894024234772e+09,2.660525703430175781e+01,6.306014955043792725e-02,-5.522067546844482422e-01
1.752047894224278927e+09,2.660525703430175781e+01,6.306014955043792725e-02,-5.522067546844482422e-01
1.752047894419399023e+09,2.660525703430175781e+01,6.306014955043792725e-02,-5.522067546844482422e-01
1.752047894617664576e+09,2.660525703430175781e+01,6.306014955043792725e-02,-5.522067546844482422e-01
1.752047894810756922e+09,2.660525703430175781e+01,6.306014955043792725e-02,-5.522067546844482422e-01
1.752047895018780470e+09,2.660525703430175781e+01,6.306014955043792725e-02,-5.522067546844482422e-01
1.752047895219891310e+09,2.762499046325683594e+01,2.765976078808307648e-02,-6.142681837081909180e-01
1.752047895414067507e+09,2.762499046325683594e+01,2.765976078808307648e-02,-6.142681837081909180e-01
1.752047895610029459e+09,2.762499046325683594e+01,2.765976078808307648e-02,-6.142681837081909180e-01
1.752047895829759836e+09,2.762499046325683594e+01,2.765976078808307648e-02,-6.142681837081909180e-01
1.752047896022076607e+09,2.762499046325683594e+01,2.765976078808307648e-02,-6.142681837081909180e-01
1.752047896229120493e+09,2.762499046325683594e+01,2.765976078808307648e-02,-6.142681837081909180e-01
1.752047896424056530e+09,2.762499046325683594e+01,2.765976078808307648e-02,-6.142681837081909180e-01
1.752047896616146326e+09,2.762499046325683594e+01,2.765976078808307648e-02,-6.142681837081909180e-01
1.752047896813650131e+09,2.864028358459472656e+01,5.431562289595603943e-02,-6.014547944068908691e-01
1.752047897018005848e+09,2.864028358459472656e+01,5.431562289595603943e-02,-6.014547944068908691e-01
1.752047897238038778e+09,2.864028358459472656e+01,5.431562289595603943e-02,-6.014547944068908691e-01
1.752047897428143740e+09,2.864028358459472656e+01,5.431562289595603943e-02,-6.014547944068908691e-01
1.752047897619627476e+09,2.864028358459472656e+01,5.431562289595603943e-02,-6.014547944068908691e-01
1.752047897817512274e+09,2.864028358459472656e+01,5.431562289595603943e-02,-6.014547944068908691e-01
1.752047898030213356e+09,2.864028358459472656e+01,5.431562289595603943e-02,-6.014547944068908691e-01
1.752047898230029583e+09,2.864028358459472656e+01,5.431562289595603943e-02,-6.014547944068908691e-01
1.752047898443627596e+09,2.964034080505371094e+01,2.458246350288391113e-01,-5.288755297660827637e-01
1.752047898621800423e+09,2.964034080505371094e+01,2.458246350288391113e-01,-5.288755297660827637e-01
1.752047898819286346e+09,2.964034080505371094e+01,2.458246350288391113e-01,-5.288755297660827637e-01
1.752047899029191494e+09,2.964034080505371094e+01,2.458246350288391113e-01,-5.288755297660827637e-01
1.752047899219554901e+09,2.964034080505371094e+01,2.458246350288391113e-01,-5.288755297660827637e-01
1.752047899442581177e+09,2.964034080505371094e+01,2.458246350288391113e-01,-5.288755297660827637e-01
1.752047899632671118e+09,2.964034080505371094e+01,2.458246350288391113e-01,-5.288755297660827637e-01
1.752047899828683615e+09,2.964034080505371094e+01,2.458246350288391113e-01,-5.288755297660827637e-01
1.752047900025849581e+09,3.077025222778320312e+01,3.075558841228485107e-01,-5.391644835472106934e-01
1.752047900215258121e+09,3.077025222778320312e+01,3.075558841228485107e-01,-5.391644835472106934e-01
1.752047900422205925e+09,3.077025222778320312e+01,3.075558841228485107e-01,-5.391644835472106934e-01
1.752047900614418030e+09,3.077025222778320312e+01,3.075558841228485107e-01,-5.391644835472106934e-01
1.752047900820450544e+09,3.077025222778320312e+01,3.075558841228485107e-01,-5.391644835472106934e-01
1.752047901026388884e+09,3.077025222778320312e+01,3.075558841228485107e-01,-5.391644835472106934e-01
1.752047901221060753e+09,3.077025222778320312e+01,3.075558841228485107e-01,-5.391644835472106934e-01
1.752047901419193983e+09,3.077025222778320312e+01,3.075558841228485107e-01,-5.391644835472106934e-01
1.752047901617683172e+09,3.185034179687500000e+01,3.488623797893524170e-01,-4.901158213615417480e-01
1.752047901833858967e+09,3.185034179687500000e+01,3.488623797893524170e-01,-4.901158213615417480e-01
1.752047902019587278e+09,3.185034179687500000e+01,3.488623797893524170e-01,-4.901158213615417480e-01
1.752047902213884115e+09,3.185034179687500000e+01,3.488623797893524170e-01,-4.901158213615417480e-01
1.752047902413299561e+09,3.185034179687500000e+01,3.488623797893524170e-01,-4.901158213615417480e-01
1.752047902611636400e+09,3.185034179687500000e+01,3.488623797893524170e-01,-4.901158213615417480e-01
1.752047902810249567e+09,3.185034179687500000e+01,3.488623797893524170e-01,-4.901158213615417480e-01
1.752047903021521568e+09,3.185034179687500000e+01,3.488623797893524170e-01,-4.901158213615417480e-01
1.752047903217294931e+09,3.293208694458007812e+01,4.282606542110443115e-01,-4.622932076454162598e-01
1.752047903415884495e+09,3.293208694458007812e+01,4.282606542110443115e-01,-4.622932076454162598e-01
1.752047903636507273e+09,3.293208694458007812e+01,4.282606542110443115e-01,-4.622932076454162598e-01
1.752047903826524019e+09,3.293208694458007812e+01,4.282606542110443115e-01,-4.622932076454162598e-01
1.752047904015593767e+09,3.293208694458007812e+01,4.282606542110443115e-01,-4.622932076454162598e-01
1.752047904215520382e+09,3.293208694458007812e+01,4.282606542110443115e-01,-4.622932076454162598e-01
1.752047904423211813e+09,3.293208694458007812e+01,4.282606542110443115e-01,-4.622932076454162598e-01
1.752047904614584923e+09,3.293208694458007812e+01,4.282606542110443115e-01,-4.622932076454162598e-01
1.752047904818304539e+09,3.395378875732421875e+01,4.687567055225372314e-01,-4.409675896167755127e-01
1.752047905016387224e+09,3.395378875732421875e+01,4.687567055225372314e-01,-4.409675896167755127e-01
1.752047905219368696e+09,3.395378875732421875e+01,4.687567055225372314e-01,-4.409675896167755127e-01
1.752047905412641048e+09,3.395378875732421875e+01,4.687567055225372314e-01,-4.409675896167755127e-01
1.752047905608615875e+09,3.395378875732421875e+01,4.687567055225372314e-01,-4.409675896167755127e-01
1.752047905815381765e+09,3.395378875732421875e+01,4.687567055225372314e-01,-4.409675896167755127e-01
1.752047906020153999e+09,3.395378875732421875e+01,4.687567055225372314e-01,-4.409675896167755127e-01
1.752047906216362953e+09,3.395378875732421875e+01,4.687567055225372314e-01,-4.409675896167755127e-01
1.752047906420074940e+09,3.395378875732421875e+01,4.687567055225372314e-01,-4.409675896167755127e-01
1.752047906616496325e+09,3.395378875732421875e+01,4.687567055225372314e-01,-4.409675896167755127e-01
1.752047906814877510e+09,3.395378875732421875e+01,4.687567055225372314e-01,-4.409675896167755127e-01
1.752047907031692028e+09,3.395378875732421875e+01,4.687567055225372314e-01,-4.409675896167755127e-01
1.752047907222120047e+09,3.395378875732421875e+01,4.687567055225372314e-01,-4.409675896167755127e-01
1.752047907420115471e+09,3.395378875732421875e+01,4.687567055225372314e-01,-4.409675896167755127e-01
1.752047907615673304e+09,3.395378875732421875e+01,4.687567055225372314e-01,-4.409675896167755127e-01
1.752047907819483042e+09,3.395378875732421875e+01,4.687567055225372314e-01,-4.409675896167755127e-01
1.752047908014495850e+09,3.395378875732421875e+01,4.687567055225372314e-01,-4.409675896167755127e-01
1.752047908213976383e+09,3.395378875732421875e+01,4.687567055225372314e-01,-4.409675896167755127e-01
1.752047908416971922e+09,3.395378875732421875e+01,4.687567055225372314e-01,-4.409675896167755127e-01
1.752047908615042686e+09,3.395378875732421875e+01,4.687567055225372314e-01,-4.409675896167755127e-01
1.752047908812483549e+09,3.395378875732421875e+01,4.687567055225372314e-01,-4.409675896167755127e-01
1.752047909014231682e+09,3.395378875732421875e+01,4.687567055225372314e-01,-4.409675896167755127e-01
1.752047909218537569e+09,3.395378875732421875e+01,4.687567055225372314e-01,-4.409675896167755127e-01
1.752047909417767286e+09,3.395378875732421875e+01,4.687567055225372314e-01,-4.409675896167755127e-01
1.752047909611683607e+09,3.395378875732421875e+01,4.687567055225372314e-01,-4.409675896167755127e-01
1.752047909828315973e+09,3.395378875732421875e+01,4.687567055225372314e-01,-4.409675896167755127e-01
1.752047910015888929e+09,3.395378875732421875e+01,4.687567055225372314e-01,-4.409675896167755127e-01
1.752047910225334883e+09,3.395378875732421875e+01,4.687567055225372314e-01,-4.409675896167755127e-01
1.752047910416026831e+09,3.395378875732421875e+01,4.687567055225372314e-01,-4.409675896167755127e-01
1.752047910608405352e+09,3.395378875732421875e+01,4.687567055225372314e-01,-4.409675896167755127e-01
1.752047910807805300e+09,3.395378875732421875e+01,4.687567055225372314e-01,-4.409675896167755127e-01
1.752047911014760971e+09,3.395378875732421875e+01,4.687567055225372314e-01,-4.409675896167755127e-01
1.752047911216602564e+09,3.395378875732421875e+01,4.687567055225372314e-01,-4.409675896167755127e-01
1.752047911413206816e+09,3.395378875732421875e+01,4.687567055225372314e-01,-4.409675896167755127e-01
1.752047911609353304e+09,3.395378875732421875e+01,4.687567055225372314e-01,-4.409675896167755127e-01
1.752047911818191767e+09,3.395378875732421875e+01,4.687567055225372314e-01,-4.409675896167755127e-01
1.752047912017334938e+09,3.395378875732421875e+01,4.687567055225372314e-01,-4.409675896167755127e-01
1.752047912205838680e+09,3.395378875732421875e+01,4.687567055225372314e-01,-4.409675896167755127e-01
1.752047912421748161e+09,3.395378875732421875e+01,4.687567055225372314e-01,-4.409675896167755127e-01
1.752047912617838383e+09,3.395378875732421875e+01,4.687567055225372314e-01,-4.409675896167755127e-01
1.752047912818568468e+09,3.395378875732421875e+01,4.687567055225372314e-01,-4.409675896167755127e-01
1.752047913017899275e+09,3.395378875732421875e+01,4.687567055225372314e-01,-4.409675896167755127e-01
1.752047913211759329e+09,3.395378875732421875e+01,4.687567055225372314e-01,-4.409675896167755127e-01
1.752047913419360638e+09,3.395378875732421875e+01,4.687567055225372314e-01,-4.409675896167755127e-01
1.752047913619607449e+09,3.395378875732421875e+01,4.687567055225372314e-01,-4.409675896167755127e-01
1.752047913810800314e+09,3.395378875732421875e+01,4.687567055225372314e-01,-4.409675896167755127e-01
1.752047914011195660e+09,3.395378875732421875e+01,4.687567055225372314e-01,-4.409675896167755127e-01
1.752047914215071678e+09,3.395378875732421875e+01,4.687567055225372314e-01,-4.409675896167755127e-01
1.752047914415279865e+09,3.395378875732421875e+01,4.687567055225372314e-01,-4.409675896167755127e-01
1.752047914609723091e+09,3.395378875732421875e+01,4.687567055225372314e-01,-4.409675896167755127e-01
1.752047914803157568e+09,3.395378875732421875e+01,4.687567055225372314e-01,-4.409675896167755127e-01
1.752047915026929855e+09,3.395378875732421875e+01,4.687567055225372314e-01,-4.409675896167755127e-01
1.752047915211815834e+09,3.395378875732421875e+01,4.687567055225372314e-01,-4.409675896167755127e-01
1.752047915414555550e+09,3.395378875732421875e+01,4.687567055225372314e-01,-4.409675896167755127e-01
1.752047915615525961e+09,3.395378875732421875e+01,4.687567055225372314e-01,-4.409675896167755127e-01
1.752047915813231468e+09,3.395378875732421875e+01,4.687567055225372314e-01,-4.409675896167755127e-01
1.752047916016770601e+09,3.395378875732421875e+01,4.687567055225372314e-01,-4.409675896167755127e-01
1.752047916214443922e+09,3.395378875732421875e+01,4.687567055225372314e-01,-4.409675896167755127e-01
1.752047916415360451e+09,3.395378875732421875e+01,4.687567055225372314e-01,-4.409675896167755127e-01
1.752047916603040218e+09,3.395378875732421875e+01,4.687567055225372314e-01,-4.409675896167755127e-01
1.752047916818164349e+09,3.395378875732421875e+01,4.687567055225372314e-01,-4.409675896167755127e-01
1.752047917017590046e+09,3.395378875732421875e+01,4.687567055225372314e-01,-4.409675896167755127e-01
1.752047917208797455e+09,3.395378875732421875e+01,4.687567055225372314e-01,-4.409675896167755127e-01
1.752047917420393705e+09,3.395378875732421875e+01,4.687567055225372314e-01,-4.409675896167755127e-01
1.752047917613780499e+09,3.395378875732421875e+01,4.687567055225372314e-01,-4.409675896167755127e-01
1.752047917812661171e+09,3.395378875732421875e+01,4.687567055225372314e-01,-4.409675896167755127e-01
1.752047918019060612e+09,3.395378875732421875e+01,4.687567055225372314e-01,-4.409675896167755127e-01
1.752047918211492062e+09,3.395378875732421875e+01,4.687567055225372314e-01,-4.409675896167755127e-01
1.752047918413457870e+09,3.395378875732421875e+01,4.687567055225372314e-01,-4.409675896167755127e-01
1.752047918614521980e+09,3.395378875732421875e+01,4.687567055225372314e-01,-4.409675896167755127e-01
1.752047918813025713e+09,3.395378875732421875e+01,4.687567055225372314e-01,-4.409675896167755127e-01
1.752047919011528492e+09,3.395378875732421875e+01,4.687567055225372314e-01,-4.409675896167755127e-01
1.752047919211061239e+09,3.395378875732421875e+01,4.687567055225372314e-01,-4.409675896167755127e-01
1.752047919411658049e+09,3.395378875732421875e+01,4.687567055225372314e-01,-4.409675896167755127e-01
1.752047919613180161e+09,3.395378875732421875e+01,4.687567055225372314e-01,-4.409675896167755127e-01
1.752047919814495087e+09,3.395378875732421875e+01,4.687567055225372314e-01,-4.409675896167755127e-01
1.752047920019997120e+09,3.395378875732421875e+01,4.687567055225372314e-01,-4.409675896167755127e-01
1.752047920229510307e+09,3.395378875732421875e+01,4.687567055225372314e-01,-4.409675896167755127e-01
1.752047920414787769e+09,3.395378875732421875e+01,4.687567055225372314e-01,-4.409675896167755127e-01
1.752047920614056587e+09,3.395378875732421875e+01,4.687567055225372314e-01,-4.409675896167755127e-01
1.752047920816825151e+09,3.395378875732421875e+01,4.687567055225372314e-01,-4.409675896167755127e-01
1.752047921006743670e+09,3.395378875732421875e+01,4.687567055225372314e-01,-4.409675896167755127e-01
1.752047921214173555e+09,3.395378875732421875e+01,4.687567055225372314e-01,-4.409675896167755127e-01
1.752047921420727491e+09,3.395378875732421875e+01,4.687567055225372314e-01,-4.409675896167755127e-01
1.752047921616461754e+09,3.395378875732421875e+01,4.687567055225372314e-01,-4.409675896167755127e-01
1.752047921805033922e+09,3.395378875732421875e+01,4.687567055225372314e-01,-4.409675896167755127e-01
1.752047922014917374e+09,3.395378875732421875e+01,4.687567055225372314e-01,-4.409675896167755127e-01
1.752047922280337095e+09,3.395378875732421875e+01,4.687567055225372314e-01,-4.409675896167755127e-01
1.752047922413996696e+09,3.395378875732421875e+01,4.687567055225372314e-01,-4.409675896167755127e-01
1.752047922609311581e+09,3.395378875732421875e+01,4.687567055225372314e-01,-4.409675896167755127e-01
1.752047922828586102e+09,3.395378875732421875e+01,4.687567055225372314e-01,-4.409675896167755127e-01
1.752047923007488966e+09,3.395378875732421875e+01,4.687567055225372314e-01,-4.409675896167755127e-01
1.752047923217545271e+09,3.395378875732421875e+01,4.687567055225372314e-01,-4.409675896167755127e-01
1.752047923415470123e+09,3.395378875732421875e+01,4.687567055225372314e-01,-4.409675896167755127e-01
1.752047923617515802e+09,3.395378875732421875e+01,4.687567055225372314e-01,-4.409675896167755127e-01
1.752047923808975220e+09,3.395378875732421875e+01,4.687567055225372314e-01,-4.409675896167755127e-01
1.752047924014417887e+09,3.395378875732421875e+01,4.687567055225372314e-01,-4.409675896167755127e-01
1.752047924213687897e+09,3.395378875732421875e+01,4.687567055225372314e-01,-4.409675896167755127e-01
1.752047924417541981e+09,3.395378875732421875e+01,4.687567055225372314e-01,-4.409675896167755127e-01
1.752047924610242844e+09,3.395378875732421875e+01,4.687567055225372314e-01,-4.409675896167755127e-01
1.752047924812031746e+09,3.395378875732421875e+01,4.687567055225372314e-01,-4.409675896167755127e-01
1.752047925010520697e+09,3.395378875732421875e+01,4.687567055225372314e-01,-4.409675896167755127e-01
1.752047925212694407e+09,3.395378875732421875e+01,4.687567055225372314e-01,-4.409675896167755127e-01
1.752047925412977219e+09,3.395378875732421875e+01,4.687567055225372314e-01,-4.409675896167755127e-01
1.752047925609916687e+09,3.395378875732421875e+01,4.687567055225372314e-01,-4.409675896167755127e-01
1.752047925819169283e+09,3.395378875732421875e+01,4.687567055225372314e-01,-4.409675896167755127e-01
1.752047926011912346e+09,3.395378875732421875e+01,4.687567055225372314e-01,-4.409675896167755127e-01
1.752047926224871635e+09,3.395378875732421875e+01,4.687567055225372314e-01,-4.409675896167755127e-01
1.752047926425028801e+09,3.395378875732421875e+01,4.687567055225372314e-01,-4.409675896167755127e-01
1.752047926611576557e+09,3.395378875732421875e+01,4.687567055225372314e-01,-4.409675896167755127e-01
1.752047926818096876e+09,3.395378875732421875e+01,4.687567055225372314e-01,-4.409675896167755127e-01
1.752047927011947632e+09,3.395378875732421875e+01,4.687567055225372314e-01,-4.409675896167755127e-01
1.752047927215074539e+09,3.395378875732421875e+01,4.687567055225372314e-01,-4.409675896167755127e-01
1.752047927425090075e+09,3.395378875732421875e+01,4.687567055225372314e-01,-4.409675896167755127e-01
1.752047927680765867e+09,3.395378875732421875e+01,4.687567055225372314e-01,-4.409675896167755127e-01
1.752047927819782972e+09,3.395378875732421875e+01,4.687567055225372314e-01,-4.409675896167755127e-01
1.752047928008753777e+09,3.395378875732421875e+01,4.687567055225372314e-01,-4.409675896167755127e-01
1.752047928210732460e+09,3.395378875732421875e+01,4.687567055225372314e-01,-4.409675896167755127e-01
1.752047928417333126e+09,3.395378875732421875e+01,4.687567055225372314e-01,-4.409675896167755127e-01
1.752047928607568979e+09,3.395378875732421875e+01,4.687567055225372314e-01,-4.409675896167755127e-01
1.752047928820511341e+09,3.395378875732421875e+01,4.687567055225372314e-01,-4.409675896167755127e-01
1.752047929014098883e+09,3.395378875732421875e+01,4.687567055225372314e-01,-4.409675896167755127e-01
1.752047929216675282e+09,3.395378875732421875e+01,4.687567055225372314e-01,-4.409675896167755127e-01
1.752047929420101881e+09,3.395378875732421875e+01,4.687567055225372314e-01,-4.409675896167755127e-01
1.752047929617561817e+09,3.395378875732421875e+01,4.687567055225372314e-01,-4.409675896167755127e-01
1.752047929820034742e+09,3.395378875732421875e+01,4.687567055225372314e-01,-4.409675896167755127e-01
1.752047930009958506e+09,3.395378875732421875e+01,4.687567055225372314e-01,-4.409675896167755127e-01
1.752047930207941771e+09,3.395378875732421875e+01,4.687567055225372314e-01,-4.409675896167755127e-01
1.752047930410956621e+09,3.395378875732421875e+01,4.687567055225372314e-01,-4.409675896167755127e-01
1.752047930632400990e+09,3.395378875732421875e+01,4.687567055225372314e-01,-4.409675896167755127e-01
1.752047930816375494e+09,3.395378875732421875e+01,4.687567055225372314e-01,-4.409675896167755127e-01
1.752047931019352674e+09,3.395378875732421875e+01,4.687567055225372314e-01,-4.409675896167755127e-01
1.752047931222493410e+09,3.395378875732421875e+01,4.687567055225372314e-01,-4.409675896167755127e-01
1.752047931419605732e+09,3.395378875732421875e+01,4.687567055225372314e-01,-4.409675896167755127e-01
1.752047931629625082e+09,3.395378875732421875e+01,4.687567055225372314e-01,-4.409675896167755127e-01
1.752047931824871778e+09,3.395378875732421875e+01,4.687567055225372314e-01,-4.409675896167755127e-01
1.752047932017616034e+09,3.395378875732421875e+01,4.687567055225372314e-01,-4.409675896167755127e-01
1.752047932223421335e+09,3.395378875732421875e+01,4.687567055225372314e-01,-4.409675896167755127e-01
1.752047932416946411e+09,3.395378875732421875e+01,4.687567055225372314e-01,-4.409675896167755127e-01
1.752047932618161678e+09,3.395378875732421875e+01,4.687567055225372314e-01,-4.409675896167755127e-01
1.752047932821497440e+09,3.395378875732421875e+01,4.687567055225372314e-01,-4.409675896167755127e-01
1.752047933016017914e+09,3.395378875732421875e+01,4.687567055225372314e-01,-4.409675896167755127e-01
1.752047933213404894e+09,3.395378875732421875e+01,4.687567055225372314e-01,-4.409675896167755127e-01
1.752047933420674801e+09,3.395378875732421875e+01,4.687567055225372314e-01,-4.409675896167755127e-01
1.752047933607220173e+09,3.395378875732421875e+01,4.687567055225372314e-01,-4.409675896167755127e-01
1.752047933839131355e+09,3.395378875732421875e+01,4.687567055225372314e-01,-4.409675896167755127e-01
1.752047934022596836e+09,3.395378875732421875e+01,4.687567055225372314e-01,-4.409675896167755127e-01
1.752047934215211868e+09,3.395378875732421875e+01,4.687567055225372314e-01,-4.409675896167755127e-01
1.752047934425132751e+09,3.395378875732421875e+01,4.687567055225372314e-01,-4.409675896167755127e-01
1.752047934617696285e+09,3.395378875732421875e+01,4.687567055225372314e-01,-4.409675896167755127e-01
1.752047934823742628e+09,3.395378875732421875e+01,4.687567055225372314e-01,-4.409675896167755127e-01
1.752047935016469955e+09,3.395378875732421875e+01,4.687567055225372314e-01,-4.409675896167755127e-01
1.752047935212476254e+09,3.395378875732421875e+01,4.687567055225372314e-01,-4.409675896167755127e-01
1.752047935426347733e+09,3.395378875732421875e+01,4.687567055225372314e-01,-4.409675896167755127e-01
1.752047935615944862e+09,3.395378875732421875e+01,4.687567055225372314e-01,-4.409675896167755127e-01
1.752047935817243814e+09,3.395378875732421875e+01,4.687567055225372314e-01,-4.409675896167755127e-01
1.752047936018972158e+09,3.395378875732421875e+01,4.687567055225372314e-01,-4.409675896167755127e-01
1.752047936224859238e+09,3.395378875732421875e+01,4.687567055225372314e-01,-4.409675896167755127e-01
1.752047936424168110e+09,3.395378875732421875e+01,4.687567055225372314e-01,-4.409675896167755127e-01
1.752047936613924742e+09,3.395378875732421875e+01,4.687567055225372314e-01,-4.409675896167755127e-01
1.752047936819454432e+09,3.395378875732421875e+01,4.687567055225372314e-01,-4.409675896167755127e-01
1.752047937017197132e+09,3.395378875732421875e+01,4.687567055225372314e-01,-4.409675896167755127e-01
1.752047937216199636e+09,3.395378875732421875e+01,4.687567055225372314e-01,-4.409675896167755127e-01
1.752047937418723822e+09,3.395378875732421875e+01,4.687567055225372314e-01,-4.409675896167755127e-01
1.752047937613112688e+09,3.395378875732421875e+01,4.687567055225372314e-01,-4.409675896167755127e-01
1.752047937817144632e+09,3.395378875732421875e+01,4.687567055225372314e-01,-4.409675896167755127e-01
1.752047938016905546e+09,3.395378875732421875e+01,4.687567055225372314e-01,-4.409675896167755127e-01
1.752047938215810537e+09,3.395378875732421875e+01,4.687567055225372314e-01,-4.409675896167755127e-01
1.752047938419677734e+09,3.395378875732421875e+01,4.687567055225372314e-01,-4.409675896167755127e-01
1.752047938625633001e+09,3.395378875732421875e+01,4.687567055225372314e-01,-4.409675896167755127e-01
1.752047938817744732e+09,3.395378875732421875e+01,4.687567055225372314e-01,-4.409675896167755127e-01
1.752047939023474455e+09,3.395378875732421875e+01,4.687567055225372314e-01,-4.409675896167755127e-01
1.752047939218933344e+09,3.395378875732421875e+01,4.687567055225372314e-01,-4.409675896167755127e-01
1.752047939424408197e+09,3.395378875732421875e+01,4.687567055225372314e-01,-4.409675896167755127e-01
1.752047939609636068e+09,3.395378875732421875e+01,4.687567055225372314e-01,-4.409675896167755127e-01
1.752047939820855141e+09,3.395378875732421875e+01,4.687567055225372314e-01,-4.409675896167755127e-01
1.752047940012294531e+09,3.395378875732421875e+01,4.687567055225372314e-01,-4.409675896167755127e-01
1.752047940219955206e+09,3.395378875732421875e+01,4.687567055225372314e-01,-4.409675896167755127e-01
1.752047940421887875e+09,3.395378875732421875e+01,4.687567055225372314e-01,-4.409675896167755127e-01
1.752047940627679110e+09,3.395378875732421875e+01,4.687567055225372314e-01,-4.409675896167755127e-01
1.752047940812425137e+09,3.395378875732421875e+01,4.687567055225372314e-01,-4.409675896167755127e-01
1.752047941032990217e+09,3.395378875732421875e+01,4.687567055225372314e-01,-4.409675896167755127e-01
1.752047941231063604e+09,3.395378875732421875e+01,4.687567055225372314e-01,-4.409675896167755127e-01
1.752047941425110817e+09,3.395378875732421875e+01,4.687567055225372314e-01,-4.409675896167755127e-01
1.752047941610743761e+09,3.395378875732421875e+01,4.687567055225372314e-01,-4.409675896167755127e-01
1.752047941817761183e+09,3.395378875732421875e+01,4.687567055225372314e-01,-4.409675896167755127e-01
1.752047942021237612e+09,3.395378875732421875e+01,4.687567055225372314e-01,-4.409675896167755127e-01
1.752047942226829290e+09,3.395378875732421875e+01,4.687567055225372314e-01,-4.409675896167755127e-01
1.752047942431076527e+09,3.395378875732421875e+01,4.687567055225372314e-01,-4.409675896167755127e-01
1.752047942667469263e+09,3.395378875732421875e+01,4.687567055225372314e-01,-4.409675896167755127e-01
1.752047942820313215e+09,3.395378875732421875e+01,4.687567055225372314e-01,-4.409675896167755127e-01
1.752047943030092001e+09,3.395378875732421875e+01,4.687567055225372314e-01,-4.409675896167755127e-01
1.752047943222179174e+09,3.395378875732421875e+01,4.687567055225372314e-01,-4.409675896167755127e-01
1.752047943424800634e+09,3.395378875732421875e+01,4.687567055225372314e-01,-4.409675896167755127e-01
1.752047943617219687e+09,3.395378875732421875e+01,4.687567055225372314e-01,-4.409675896167755127e-01
1.752047943817922831e+09,3.395378875732421875e+01,4.687567055225372314e-01,-4.409675896167755127e-01
1.752047944021081686e+09,3.395378875732421875e+01,4.687567055225372314e-01,-4.409675896167755127e-01
1.752047944219824553e+09,3.395378875732421875e+01,4.687567055225372314e-01,-4.409675896167755127e-01
1.752047944418570518e+09,3.395378875732421875e+01,4.687567055225372314e-01,-4.409675896167755127e-01
1.752047944620484829e+09,3.395378875732421875e+01,4.687567055225372314e-01,-4.409675896167755127e-01
1.752047944809247017e+09,3.395378875732421875e+01,4.687567055225372314e-01,-4.409675896167755127e-01
1.752047945016645193e+09,3.395378875732421875e+01,4.687567055225372314e-01,-4.409675896167755127e-01
1.752047945224004269e+09,3.395378875732421875e+01,4.687567055225372314e-01,-4.409675896167755127e-01
1.752047945425510406e+09,3.395378875732421875e+01,4.687567055225372314e-01,-4.409675896167755127e-01
1.752047945643855333e+09,3.395378875732421875e+01,4.687567055225372314e-01,-4.409675896167755127e-01
1.752047945809160948e+09,3.395378875732421875e+01,4.687567055225372314e-01,-4.409675896167755127e-01
1.752047946022670269e+09,3.395378875732421875e+01,4.687567055225372314e-01,-4.409675896167755127e-01
1.752047946219284058e+09,3.395378875732421875e+01,4.687567055225372314e-01,-4.409675896167755127e-01
1.752047946419827461e+09,3.395378875732421875e+01,4.687567055225372314e-01,-4.409675896167755127e-01
1.752047946619624138e+09,3.395378875732421875e+01,4.687567055225372314e-01,-4.409675896167755127e-01
1.752047946809829473e+09,3.395378875732421875e+01,4.687567055225372314e-01,-4.409675896167755127e-01
1.752047947019851446e+09,3.395378875732421875e+01,4.687567055225372314e-01,-4.409675896167755127e-01
1.752047947218035221e+09,3.395378875732421875e+01,4.687567055225372314e-01,-4.409675896167755127e-01
1.752047947418092251e+09,3.395378875732421875e+01,4.687567055225372314e-01,-4.409675896167755127e-01
1.752047947613049746e+09,3.395378875732421875e+01,4.687567055225372314e-01,-4.409675896167755127e-01
1.752047947811797380e+09,3.395378875732421875e+01,4.687567055225372314e-01,-4.409675896167755127e-01
1.752047948015790462e+09,3.395378875732421875e+01,4.687567055225372314e-01,-4.409675896167755127e-01
1.752047948217844963e+09,3.395378875732421875e+01,4.687567055225372314e-01,-4.409675896167755127e-01
1.752047948431045532e+09,3.395378875732421875e+01,4.687567055225372314e-01,-4.409675896167755127e-01
1.752047948620324850e+09,3.395378875732421875e+01,4.687567055225372314e-01,-4.409675896167755127e-01
1.752047948835201263e+09,3.395378875732421875e+01,4.687567055225372314e-01,-4.409675896167755127e-01
1.752047949021149158e+09,3.395378875732421875e+01,4.687567055225372314e-01,-4.409675896167755127e-01
1.752047949216772795e+09,3.395378875732421875e+01,4.687567055225372314e-01,-4.409675896167755127e-01
1.752047949419854641e+09,3.395378875732421875e+01,4.687567055225372314e-01,-4.409675896167755127e-01
1.752047949618769646e+09,3.395378875732421875e+01,4.687567055225372314e-01,-4.409675896167755127e-01
1.752047949811044931e+09,3.395378875732421875e+01,4.687567055225372314e-01,-4.409675896167755127e-01
1.752047950012509346e+09,3.395378875732421875e+01,4.687567055225372314e-01,-4.409675896167755127e-01
1.752047950214082241e+09,3.395378875732421875e+01,4.687567055225372314e-01,-4.409675896167755127e-01
1.752047950422032833e+09,3.395378875732421875e+01,4.687567055225372314e-01,-4.409675896167755127e-01
1.752047950610587120e+09,3.395378875732421875e+01,4.687567055225372314e-01,-4.409675896167755127e-01
1.752047950815027714e+09,3.395378875732421875e+01,4.687567055225372314e-01,-4.409675896167755127e-01
1.752047951016956091e+09,3.395378875732421875e+01,4.687567055225372314e-01,-4.409675896167755127e-01
1.752047951221412659e+09,3.395378875732421875e+01,4.687567055225372314e-01,-4.409675896167755127e-01
1.752047951427139759e+09,3.395378875732421875e+01,4.687567055225372314e-01,-4.409675896167755127e-01
1.752047951615055799e+09,3.395378875732421875e+01,4.687567055225372314e-01,-4.409675896167755127e-01
1.752047951823515654e+09,3.395378875732421875e+01,4.687567055225372314e-01,-4.409675896167755127e-01
1.752047952020142078e+09,3.395378875732421875e+01,4.687567055225372314e-01,-4.409675896167755127e-01
1.752047952219495773e+09,3.395378875732421875e+01,4.687567055225372314e-01,-4.409675896167755127e-01
1.752047952424126387e+09,3.395378875732421875e+01,4.687567055225372314e-01,-4.409675896167755127e-01
1.752047952615791321e+09,3.395378875732421875e+01,4.687567055225372314e-01,-4.409675896167755127e-01
1.752047952820013285e+09,3.395378875732421875e+01,4.687567055225372314e-01,-4.409675896167755127e-01
1.752047953010819435e+09,3.395378875732421875e+01,4.687567055225372314e-01,-4.409675896167755127e-01
1.752047953218740940e+09,3.395378875732421875e+01,4.687567055225372314e-01,-4.409675896167755127e-01
1.752047953422002792e+09,3.395378875732421875e+01,4.687567055225372314e-01,-4.409675896167755127e-01
1.752047953623227358e+09,3.395378875732421875e+01,4.687567055225372314e-01,-4.409675896167755127e-01
1.752047953816087723e+09,3.395378875732421875e+01,4.687567055225372314e-01,-4.409675896167755127e-01
1.752047954027020931e+09,3.395378875732421875e+01,4.687567055225372314e-01,-4.409675896167755127e-01
1.752047954214898348e+09,3.395378875732421875e+01,4.687567055225372314e-01,-4.409675896167755127e-01
1.752047954411879778e+09,3.395378875732421875e+01,4.687567055225372314e-01,-4.409675896167755127e-01
1.752047954613662243e+09,3.395378875732421875e+01,4.687567055225372314e-01,-4.409675896167755127e-01
1.752047954811249971e+09,3.395378875732421875e+01,4.687567055225372314e-01,-4.409675896167755127e-01
1.752047955015828371e+09,3.395378875732421875e+01,4.687567055225372314e-01,-4.409675896167755127e-01
1.752047955208385706e+09,3.395378875732421875e+01,4.687567055225372314e-01,-4.409675896167755127e-01
1.752047955407845736e+09,3.395378875732421875e+01,4.687567055225372314e-01,-4.409675896167755127e-01
1.752047955623544693e+09,3.395378875732421875e+01,4.687567055225372314e-01,-4.409675896167755127e-01
1.752047955827447891e+09,3.395378875732421875e+01,4.687567055225372314e-01,-4.409675896167755127e-01
1.752047956019261122e+09,3.395378875732421875e+01,4.687567055225372314e-01,-4.409675896167755127e-01
1.752047956211193800e+09,3.395378875732421875e+01,4.687567055225372314e-01,-4.409675896167755127e-01
1.752047956433974743e+09,3.395378875732421875e+01,4.687567055225372314e-01,-4.409675896167755127e-01
1.752047956621759892e+09,3.395378875732421875e+01,4.687567055225372314e-01,-4.409675896167755127e-01
1.752047956815408707e+09,3.395378875732421875e+01,4.687567055225372314e-01,-4.409675896167755127e-01
1.752047957015648365e+09,3.395378875732421875e+01,4.687567055225372314e-01,-4.409675896167755127e-01
1.752047957216529608e+09,3.395378875732421875e+01,4.687567055225372314e-01,-4.409675896167755127e-01
1.752047957425471783e+09,3.395378875732421875e+01,4.687567055225372314e-01,-4.409675896167755127e-01
1.752047957623138428e+09,3.395378875732421875e+01,4.687567055225372314e-01,-4.409675896167755127e-01
1.752047957821171045e+09,3.395378875732421875e+01,4.687567055225372314e-01,-4.409675896167755127e-01
1.752047958016943932e+09,3.395378875732421875e+01,4.687567055225372314e-01,-4.409675896167755127e-01
1.752047958235951424e+09,3.395378875732421875e+01,4.687567055225372314e-01,-4.409675896167755127e-01
1.752047958426427126e+09,3.395378875732421875e+01,4.687567055225372314e-01,-4.409675896167755127e-01
1.752047958621623039e+09,3.395378875732421875e+01,4.687567055225372314e-01,-4.409675896167755127e-01
1.752047958811258554e+09,3.395378875732421875e+01,4.687567055225372314e-01,-4.409675896167755127e-01
1.752047959020824194e+09,3.395378875732421875e+01,4.687567055225372314e-01,-4.409675896167755127e-01
1.752047959214540720e+09,3.395378875732421875e+01,4.687567055225372314e-01,-4.409675896167755127e-01
1.752047959412288904e+09,3.395378875732421875e+01,4.687567055225372314e-01,-4.409675896167755127e-01
1.752047959613559008e+09,3.395378875732421875e+01,4.687567055225372314e-01,-4.409675896167755127e-01
1.752047959829085112e+09,3.395378875732421875e+01,4.687567055225372314e-01,-4.409675896167755127e-01
1.752047960011550903e+09,3.395378875732421875e+01,4.687567055225372314e-01,-4.409675896167755127e-01
1.752047960211352348e+09,3.395378875732421875e+01,4.687567055225372314e-01,-4.409675896167755127e-01
1.752047960439957619e+09,3.395378875732421875e+01,4.687567055225372314e-01,-4.409675896167755127e-01
1.752047960619194031e+09,3.395378875732421875e+01,4.687567055225372314e-01,-4.409675896167755127e-01
1.752047960816274166e+09,3.395378875732421875e+01,4.687567055225372314e-01,-4.409675896167755127e-01
1.752047961015271187e+09,3.395378875732421875e+01,4.687567055225372314e-01,-4.409675896167755127e-01
1.752047961221543074e+09,3.395378875732421875e+01,4.687567055225372314e-01,-4.409675896167755127e-01
1.752047961425478220e+09,3.395378875732421875e+01,4.687567055225372314e-01,-4.409675896167755127e-01
1.752047961616174936e+09,3.395378875732421875e+01,4.687567055225372314e-01,-4.409675896167755127e-01
1.752047961811545849e+09,3.395378875732421875e+01,4.687567055225372314e-01,-4.409675896167755127e-01
1.752047962015168190e+09,3.395378875732421875e+01,4.687567055225372314e-01,-4.409675896167755127e-01
1.752047962217726946e+09,3.395378875732421875e+01,4.687567055225372314e-01,-4.409675896167755127e-01
1.752047962418022633e+09,3.395378875732421875e+01,4.687567055225372314e-01,-4.409675896167755127e-01
1.752047962612894773e+09,3.395378875732421875e+01,4.687567055225372314e-01,-4.409675896167755127e-01
1.752047962814813137e+09,3.395378875732421875e+01,4.687567055225372314e-01,-4.409675896167755127e-01
1.752047963017058849e+09,3.395378875732421875e+01,4.687567055225372314e-01,-4.409675896167755127e-01
1.752047963214778900e+09,3.395378875732421875e+01,4.687567055225372314e-01,-4.409675896167755127e-01
1.752047963426278114e+09,3.395378875732421875e+01,4.687567055225372314e-01,-4.409675896167755127e-01
1.752047963624652386e+09,3.395378875732421875e+01,4.687567055225372314e-01,-4.409675896167755127e-01
1.752047963813781977e+09,3.395378875732421875e+01,4.687567055225372314e-01,-4.409675896167755127e-01
1.752047964013989687e+09,3.395378875732421875e+01,4.687567055225372314e-01,-4.409675896167755127e-01
1.752047964277786255e+09,3.395378875732421875e+01,4.687567055225372314e-01,-4.409675896167755127e-01
1.752047964412788868e+09,3.395378875732421875e+01,4.687567055225372314e-01,-4.409675896167755127e-01
1.752047964615571499e+09,3.395378875732421875e+01,4.687567055225372314e-01,-4.409675896167755127e-01
1.752047964822620392e+09,3.395378875732421875e+01,4.687567055225372314e-01,-4.409675896167755127e-01
1.752047965022058725e+09,3.395378875732421875e+01,4.687567055225372314e-01,-4.409675896167755127e-01
1.752047965232632637e+09,3.395378875732421875e+01,4.687567055225372314e-01,-4.409675896167755127e-01
1.752047965410629749e+09,3.395378875732421875e+01,4.687567055225372314e-01,-4.409675896167755127e-01
1.752047965610864878e+09,3.395378875732421875e+01,4.687567055225372314e-01,-4.409675896167755127e-01
